Name,Alter,Grösse,Gewicht
"Willi",26.782981328435874,'-'
"Heinz",42.22222222222222,'----'
"Klaus",22.205989773557338,'+'
